participant,name:1,rollno:1,age:1,lefrig:1,prpcogsciexp:1,TIME_start,TIME_end,TIME_total
s.f2503f72-241c-40e3-b38e-2209b21bfca8.txt,Jatin,2019201043,23,2,"",2020-11-11-06-19,"",""
s.bf7d249b-ee84-4bdc-9ff4-dffd4ae95aa4.txt,Deepti,20171212,20,2,"",2020-10-20-19-29,"",""
s.0c6887ae-a739-4de3-b9b6-041e45b67b71.txt,Deepti,20171212,20,2,"",2020-10-20-20-15,"",""
s.09db6d06-c4c1-4b29-8cd7-2c98214c9260.txt,Zubair Abid,20171076,21,2,prp.2020-10-05-0916.data.09db6d06-c4c1-4b29-8cd7-2c98214c9260.txt,2020-10-05-09-10,2020-10-05-09-16,6,
s.3fce1dca-97a6-4362-9067-f1403f0e5dec.txt,Sravani,20171050,21,2,"",2020-10-04-19-57,"",""
s.c21375fc-0f95-4bc4-8565-a834e95a40b9.txt,jaya krishna,2019201076,24,2,prp.2020-11-03-0724.data.c21375fc-0f95-4bc4-8565-a834e95a40b9.txt,2020-11-03-07-12,2020-11-03-07-24,12,
s.f07b7b80-3eaf-4226-add9-a48b5c42dfb6.txt,Siddhant Bansal,2019900091,23,2,prp.2020-10-11-1232.data.f07b7b80-3eaf-4226-add9-a48b5c42dfb6.txt,2020-10-11-12-23,2020-10-11-12-32,9,
s.53badbfe-8b59-49bd-864c-67bf940c616e.txt,Deepti,20171212,20,2,"",2020-10-20-19-55,"",""
s.925560f1-5ee1-49d7-a776-4d019c8676fd.txt,Sravani,20171050,21,2,prp.2020-10-05-1024.data.925560f1-5ee1-49d7-a776-4d019c8676fd.txt,2020-10-05-10-15,2020-10-05-10-24,9,
s.367ef1c0-3fb8-40ba-8c7a-8201c81b2369.txt,Lakshmi Deepita Pratti,2019211001,22,2,prp.2020-10-05-1322.data.367ef1c0-3fb8-40ba-8c7a-8201c81b2369.txt,2020-10-05-13-06,2020-10-05-13-22,16,
s.ed719836-50bd-416b-ae14-3cc40cb10026.txt,V. A. Lalitha Kameswari,20171025,21,2,prp.2020-11-11-1119.data.ed719836-50bd-416b-ae14-3cc40cb10026.txt,2020-11-11-11-10,2020-11-11-11-19,9,
s.478261fc-3cdd-4cca-b331-572f9db8443a.txt,Abdul Mannan,20161064,21,2,"",2020-11-10-20-57,2020-11-10-21-09,12,
s.be6c883e-031e-4267-aa66-139e0469cfce.txt,"","","","","",2020-10-07-08-47,"",""
s.75f33130-d47d-4174-bbcb-a48d7d94564c.txt,Rishab,2019201050,24,2,"",2020-11-09-09-04,"",""
s.0c1644fb-68fa-4226-bdda-7979bc24c5f3.txt,Deepti,20171212,20,2,prp.2020-10-20-2029.data.0c1644fb-68fa-4226-bdda-7979bc24c5f3.txt,2020-10-20-20-19,2020-10-20-20-29,10,
s.7d163b4b-cf37-4de1-a0e4-b36ae4ee625e.txt,"","","",2,"",2020-10-04-20-06,"",""
s.b5b91517-2413-4688-84a5-d5095a18b73a.txt,"","","","","",2020-10-19-15-56,"",""
s.bbf2648f-5c4a-4c5e-a8f8-1264a14a40b4.txt,Siddhant Bansal,2019900091,23,2,"",2020-10-11-14-02,"",""
s.a0d43838-2b8f-4957-9b85-ec8cb69828a2.txt,Aditya Yadavalli,20171201,21,2,prp.2020-11-10-2034.data.a0d43838-2b8f-4957-9b85-ec8cb69828a2.txt,2020-11-10-20-23,2020-11-10-20-34,11,
s.f179d6ad-180a-471d-aae9-0ff3ad519477.txt,Rishab,2019201050,24,2,"",2020-11-03-04-25,"",""
s.26f9936a-41d9-45ae-9fff-08b928f51be2.txt,random,"","",1,"",2020-11-03-09-34,"",""
s.ede98bce-8e2a-4e07-a79a-77ed5a6f2710.txt,Test,324,32,2,"",2020-10-04-19-40,"",""
s.e47ebce2-b867-4ad7-8043-a6616d4bbe41.txt,Neha Motlani,20161004,21,2,prp.2020-11-04-1059.data.e47ebce2-b867-4ad7-8043-a6616d4bbe41.txt,2020-11-04-10-48,2020-11-04-10-59,11,
s.40c22250-7a41-433c-93ca-f75654facf70.txt,Subhalakshmi Kandavel,2019211003,30,2,prp.2020-10-20-0727.data.40c22250-7a41-433c-93ca-f75654facf70.txt,2020-10-20-07-12,2020-10-20-07-27,15,
s.fb761d0d-6da2-4602-9ade-f63f962d0d18.txt,Shanu Gandhi,2019201014,24,2,prp.2020-10-05-0826.data.fb761d0d-6da2-4602-9ade-f63f962d0d18.txt,2020-10-05-08-16,2020-10-05-08-26,10,
s.37eab0be-8c3a-4aa4-9bfe-d3d541e80a76.txt,Aman Dev Nautiyal,2019201095,24,2,prp.2020-10-29-1906.data.37eab0be-8c3a-4aa4-9bfe-d3d541e80a76.txt,2020-10-29-18-57,2020-10-29-19-06,9,
s.2064b0b2-a69a-4cf8-9df4-329363bf6bc0.txt,Kirandevraj,2019701001,24,2,prp.2020-11-11-0910.data.2064b0b2-a69a-4cf8-9df4-329363bf6bc0.txt,2020-11-11-08-58,2020-11-11-09-10,12,
s.d88ad406-0c64-4102-bff7-0d002f6a96b5.txt,MasterG,20171089,21,2,"",2020-10-04-19-35,"",""
s.96158bda-377c-437c-bd0f-0d7f2a583c9c.txt,P Sanjay,2019201077,24,2,prp.2020-10-07-1504.data.96158bda-377c-437c-bd0f-0d7f2a583c9c.txt,2020-10-07-14-52,2020-10-07-15-04,12,
s.99e24721-eae5-4568-a6a2-c1b61350d653.txt,sai rohith areti,2019201072,22,2,"",2020-10-05-14-39,"",""
s.0e2f6273-effb-461e-99b1-34db2634a662.txt,Vijayraj,20171026,21,2,"",2020-10-04-19-37,"",""
s.0a226732-fb1d-47f6-acca-35318bbbff18.txt,Gajanan,2019201049,23,2,prp.2020-11-11-1830.data.0a226732-fb1d-47f6-acca-35318bbbff18.txt,2020-11-11-18-21,2020-11-11-18-30,9,
s.54168b4e-fb24-4374-9d3a-3bc5889821e5.txt,Tanmai,20161212,23,2,prp.2020-11-11-1342.data.54168b4e-fb24-4374-9d3a-3bc5889821e5.txt,2020-11-11-13-34,2020-11-11-13-42,8,
s.7d6e374c-ea69-4125-a8c0-1e3552ec0716.txt,Vijay,20171308,20,2,prp.2020-10-07-1751.data.7d6e374c-ea69-4125-a8c0-1e3552ec0716.txt,2020-10-07-17-42,2020-10-07-17-51,9,
s.e6d981aa-2324-4971-8bb5-6776eb48e63e.txt,Debojit Das,20171129,22,2,prp.2020-10-04-2055.data.e6d981aa-2324-4971-8bb5-6776eb48e63e.txt,2020-10-04-20-44,2020-10-04-20-55,11,
s.590383a2-d1e0-4f15-b906-8c8dc1b06d49.txt,Sanskar Tibrewal,2018111034,20,2,prp.2020-10-17-0910.data.590383a2-d1e0-4f15-b906-8c8dc1b06d49.txt,2020-10-17-09-00,2020-10-17-09-10,10,
s.891f6604-a2f9-4da2-a376-8cbebc467ae1.txt,Shubhankar Saha,2019201097,26,2,"",2020-11-03-11-17,"",""
s.36c752d9-5a24-486e-9d83-74bacb238245.txt,Deepti,20171212,20,2,"",2020-10-11-07-30,"",""
s.1a869e29-9c31-4d76-b15d-3613e49a472f.txt,Richa Rathore,2019201031,24,2,"",2020-11-11-18-46,"",""
s.f7e36d88-49ed-474b-a878-bb2eed7ecb50.txt,"","","","","",2020-11-03-16-28,"",""
s.bb1f66ba-58b6-41b0-8597-2ad473013b6d.txt,Rishab,2019201050,24,2,prp.2020-11-11-2032.data.bb1f66ba-58b6-41b0-8597-2ad473013b6d.txt,2020-11-11-20-22,2020-11-11-20-32,10,
s.13db41f9-2df9-4a0d-8ffa-c6d25d2b2aec.txt,"","","","","",2020-10-04-21-40,"",""
s.58d9ebc4-a468-42e3-8c11-13a0d51591ff.txt,masterG,20171089,21,2,"",2020-10-04-19-38,"",""
s.b763ee23-3fad-45d4-be17-d7fa1ae20ace.txt,D. Sai Siddharth,2018122006,22,2,prp.2020-11-12-1541.data.b763ee23-3fad-45d4-be17-d7fa1ae20ace.txt,2020-11-12-15-28,2020-11-12-15-41,13,
s.e7fc7ba0-3455-44ee-80bd-f7b689e79c17.txt,Garima Nishad,2019701029,25,2,prp.2020-10-05-0740.data.e7fc7ba0-3455-44ee-80bd-f7b689e79c17.txt,2020-10-05-07-30,2020-10-05-07-40,10,
s.8c8225b6-b4b9-4cfe-9894-8ab99340e439.txt,sai krishna sakuru,2019900016,31,2,"",2020-11-12-12-56,"",""
s.0daf2c62-07c3-4257-8b9a-6aaa2148f9e3.txt,Souvik Banerjee,20171094,22,2,prp.2020-10-05-0948.data.0daf2c62-07c3-4257-8b9a-6aaa2148f9e3.txt,2020-10-05-09-38,2020-10-05-09-48,10,
s.1b49a5ff-eea2-4f5a-8496-39e6b4c547cd.txt,SHUBHANKAR SAHA,2019201097,26,2,prp.2020-11-11-2023.data.1b49a5ff-eea2-4f5a-8496-39e6b4c547cd.txt,2020-11-11-20-12,2020-11-11-20-23,11,
s.c02e9ec5-baca-4058-808b-70c0d86a727f.txt,ayushi,2020801007,29,2,prp.2020-10-06-1149.data.c02e9ec5-baca-4058-808b-70c0d86a727f.txt,2020-10-06-10-54,2020-10-06-11-49,55,
s.fae17677-8c69-446f-9cf8-7ea0d366ebff.txt,Gajanan,2019201049,23,2,"",2020-11-11-17-21,"",""
s.c0d65466-a9df-400c-bdaa-3a910227669a.txt,Gajanan,2019201049,23,2,prp.2020-11-11-1806.data.c0d65466-a9df-400c-bdaa-3a910227669a.txt,2020-11-11-17-55,2020-11-11-18-06,11,
s.48d2f14b-576a-46fa-b1b6-6778568a9a07.txt,Tanmay Pathak,2018102023,19,2,"",2020-11-11-21-42,"",""
s.3b326199-1779-4820-a21f-872ef2b6d731.txt,sai rohith areti,2019201072,22,2,prp.2020-11-11-2044.data.3b326199-1779-4820-a21f-872ef2b6d731.txt,2020-11-11-20-33,2020-11-11-20-44,11,
s.9dda1915-f955-46cf-b43f-68ca10d95ac2.txt,"","","",2,"",2020-10-04-19-38,"",""
s.14e738ce-58b6-43e9-a02c-08d9b22479d2.txt,Shelly Jain,20171008,21,2,prp.2020-10-07-0905.data.14e738ce-58b6-43e9-a02c-08d9b22479d2.txt,2020-10-07-08-58,2020-10-07-09-05,7,
s.25d285d4-dc9e-4502-8834-d6bd387bac35.txt,Richa Rathore,2019201031,25,2,prp.2020-11-10-2028.data.25d285d4-dc9e-4502-8834-d6bd387bac35.txt,2020-11-10-20-17,2020-11-10-20-28,11,
